รหัสวิชา,ชื่อวิชา,หน่วยกิต,ต้นสังกัด,กลุ่มสาระ,คำอธิบายรายวิชา
01175111,กรีฑาลู่-ลาน เพื่อสุขภาพ (Track and Field for Health),1(0-2-1),คณะศึกษาศาสตร์,อยู่ดีมีสุข,"การออกกำลังกายด้วยกรีฑาลู่-ลาน ทักษะและความรู้พื้นฐานการวิ่ง การทุ่ม การพุ่ง และการขว้าง การประยุกต์กิจกรรมกรีฑาลู่-ลานไปสู่การเคลื่อนไหวในชีวิตประจำวันเพื่อส่งเสริมสุขภาพ"
01175112,แบดมินตันเพื่อสุขภาพ (Badminton for Health),1(0-2-1),คณะศึกษาศาสตร์,อยู่ดีมีสุข,"การออกกำลังกายด้วยกีฬาแบดมินตัน ทักษะและความรู้พื้นฐานการเล่นแบดมินตัน การประยุกต์กีฬาแบดมินตันไปสู่การออกกำลังกายเพื่อส่งเสริมสุขภาพในชีวิตประจำวัน"
01175113,เทนนิสเพื่อสุขภาพ (Tennis for Health),1(0-2-1),คณะศึกษาศาสตร์,อยู่ดีมีสุข,"การออกกำลังกายด้วยกีฬาเทนนิส ทักษะและความรู้พื้นฐานการเล่นเทนนิส การประยุกต์กีฬาเทนนิสไปสู่การออกกำลังกายเพื่อส่งเสริมสุขภาพในชีวิตประจำวัน"
01175114,เทเบิลเทนนิสเพื่อสุขภาพ (Table Tennis for Health),1(0-2-1),คณะศึกษาศาสตร์,อยู่ดีมีสุข,"การออกกำลังกายด้วยกีฬาเทเบิลเทนนิส ทักษะและความรู้พื้นฐานการเล่นเทเบิลเทนนิส การประยุกต์กีฬาเทเบิลเทนนิสไปสู่การออกกำลังกายเพื่อส่งเสริมสุขภาพในชีวิตประจำวัน"
01175115,ฝึกสมาธิด้วยกิจกรรมยิงปืน (Meditation with Shooting Activity),1(0-2-1),คณะศึกษาศาสตร์,อยู่ดีมีสุข,"การพัฒนาสมาธิด้วยกิจกรรมยิงปืน ทักษะและความรู้พื้นฐานการยิงปืน การประยุกต์กิจกรรมยิงปืนเพื่อพัฒนาสมาธิไปสู่วิถีชีวิต การออกกำลังกายและการส่งเสริมสุขภาพในชีวิตประจำวัน"
01175117,ฝึกสมาธิด้วยกิจกรรมยิงธนู (Meditation with Archery Activity),1(0-2-1),คณะศึกษาศาสตร์,อยู่ดีมีสุข,"การพัฒนาสมาธิด้วยกิจกรรมยิงธนู ทักษะและความรู้พื้นฐานการยิงธนู การประยุกต์กิจกรรมยิงธนูเพื่อพัฒนาสมาธิไปสู่วิถีชีวิต การออกกำลังกายและการส่งเสริมสุขภาพในชีวิตประจำวัน"
01175118,แชร์บอลเพื่อสุขภาพ (Chair Ball for Health),1(0-2-1),คณะศึกษาศาสตร์,อยู่ดีมีสุข,"การออกกำลังกายด้วยกีฬาแชร์บอล ทักษะและความรู้พื้นฐานกีฬาแชร์บอล การประยุกต์กีฬาแชร์บอลไปสู่การออกกำลังกายเพื่อส่งเสริมสุขภาพในชีวิตประจำวัน"
01175119,เปตองเพื่อสุขภาพ (Petanque for Health),1(0-2-1),คณะศึกษาศาสตร์,อยู่ดีมีสุข,"การออกกำลังกายด้วยกีฬาเปตอง ทักษะและความรู้พื้นฐานกีฬาเปตอง การประยุกต์กีฬาเปตองไปสู่การออกกำลังกายเพื่อส่งเสริมสุขภาพในชีวิตประจำวัน"
01175121,บาสเกตบอลเพื่อสุขภาพ (Basketball for Health),1(0-2-1),คณะศึกษาศาสตร์,อยู่ดีมีสุข,"การออกกำลังกายด้วยกีฬาบาสเกตบอล ทักษะและความรู้พื้นฐานกีฬาบาสเกตบอล การประยุกต์กีฬาบาสเกตบอลไปสู่การออกกำลังกายเพื่อส่งเสริมสุขภาพในชีวิตประจำวัน"
01175122,ฟุตบอลเพื่อสุขภาพ (Soccer for Health),1(0-2-1),คณะศึกษาศาสตร์,อยู่ดีมีสุข,"การออกกำลังกายด้วยกีฬาฟุตบอล ทักษะและความรู้พื้นฐานกีฬาฟุตบอล การประยุกต์กีฬาฟุตบอลไปสู่การออกกำลังกายเพื่อส่งเสริมสุขภาพในชีวิตประจำวัน"
01175123,วอลเลย์บอลเพื่อสุขภาพ (Volleyball for Health),1(0-2-1),คณะศึกษาศาสตร์,อยู่ดีมีสุข,"การออกกำลังกายด้วยกีฬาวอลเลย์บอล ทักษะและความรู้พื้นฐานกีฬาวอลเลย์บอล การประยุกต์กีฬาวอลเลย์บอลไปสู่การออกกำลังกายเพื่อส่งเสริมสุขภาพในชีวิตประจำวัน"
01175124,แฮนด์บอลเพื่อสุขภาพ (Handball for Health),1(0-2-1),คณะศึกษาศาสตร์,อยู่ดีมีสุข,"การออกกำลังกายด้วยกีฬาแฮนด์บอล ทักษะและความรู้พื้นฐานกีฬาแฮนด์บอล การประยุกต์กีฬาแฮนด์บอลไปสู่การออกกำลังกายเพื่อส่งเสริมสุขภาพในชีวิตประจำวัน"     
01175125,ซอฟท์บอลเพื่อสุขภาพ (Softball for Health),1(0-2-1),คณะศึกษาศาสตร์,อยู่ดีมีสุข,"การออกกำลังกายด้วยกีฬาซอฟท์บอล ทักษะและความรู้พื้นฐานกีฬาซอฟท์บอล การประยุกต์กีฬาซอฟท์บอลไปสู่การออกกำลังกายเพื่อส่งเสริมสุขภาพในชีวิตประจำวัน"
01175126,ตะกร้อเพื่อสุขภาพ (Takraw for Health),1(0-2-1),คณะศึกษาศาสตร์,อยู่ดีมีสุข,"การออกกำลังกายด้วยกีฬาตะกร้อ ทักษะและความรู้พื้นฐานกีฬาตะกร้อ การประยุกต์กีฬาตะกร้อไปสู่การออกกำลังกายเพื่อส่งเสริมสุขภาพในชีวิตประจำวัน"
01175127	ฮอกกี้เพื่อสุขภาพ (Hockey for Health)	1(0-2-1)	คณะศึกษาศาสตร์	อยู่ดีมีสุข	"การออกกำลังกายด้วยกีฬาฮอกกี้ทักษะและความรู้พื้นฐานกีฬาฮอกกี้การประยุกต์กีฬา ฮอกกี้ไปสู่การออกกำลังกายเพื่อส่งเสริมสุขภาพในชีวิตประจำวัน"																				
01175128	รักบี้ฟุตบอลเพื่อสุขภาพ (Rugby Football for Health)	1(0-2-1)	คณะศึกษาศาสตร์	อยู่ดีมีสุข	"การออกกำลังกายด้วยกีฬารักบี้ฟุตบอล ทักษะและความรู้พื้นฐานกีฬารักบี้ฟุตบอล การประยุกต์กีฬารักบี้ฟุตบอลไปสู่การออกกำลังกายเพื่อส่งเสริมสุขภาพในชีวิตประจำวัน"																				
01175129	ฟุตซอลเพื่อสุขภาพ (Futsal for Health)	1(0-2-1)	คณะศึกษาศาสตร์	อยู่ดีมีสุข	"การออกกำลังกายด้วยกีฬาฟุตซอล ทักษะและความรู้พื้นฐานกีฬาฟุตซอล การประยุกต์ กีฬาฟุตซอลไปสู่การออกกำลังกายเพื่อส่งเสริมสุขภาพในชีวิตประจำวัน"																				
01175131	ว่ายน้ำเพื่อสุขภาพ (Swimming for Health)	1(0-2-1)	คณะศึกษาศาสตร์	อยู่ดีมีสุข	"คุณค่าและประโยชน์ของการว่ายน้ำ ความปลอดภัยทางน้ำ ทักษะพื้นฐานการว่ายน้ำ ท่าว่ายน้ำพื้นฐานสำหรับผู้เริ่มต้น การกำหนดกิจกรรมการออกกำลังกาย การประยุกต์การว่ายน้ำเพื่อการออกกำลังกาย"																				
01175133	กระโดดน้ำ (Diving)	1(0-2-1)	คณะศึกษาศาสตร์	อยู่ดีมีสุข																					
01175134	โปโลน้ำ (Water Polo)	1(0-2-1)	คณะศึกษาศาสตร์	อยู่ดีมีสุข																					
01175141	การเต้นแอโรบิกเพื่อสุขภาพ (Aerobic Dance for Health)	1(0-2-1)	คณะศึกษาศาสตร์	อยู่ดีมีสุข																					
01175142	การเต้นรำพื้นเมืองเพื่อสุขภาพ (Folk Dance for Health)	1(0-2-1)	คณะศึกษาศาสตร์	อยู่ดีมีสุข																					
01175143	การเต้นลีลาศเพื่อสุขภาพ (Social Dance for Health)	1(0-2-1)	คณะศึกษาศาสตร์	อยู่ดีมีสุข																					
01175144	รำไทยเพื่อสุขภาพ (Thai Classical Dance for Health)	1(0-2-1)	คณะศึกษาศาสตร์	อยู่ดีมีสุข	"คุณค่าและประโยชน์ของการรำไทย ทักษะการเคลื่อนไหวพื้นฐานของท่ารำ การรำวง
มาตรฐาน การกำหนดกิจกรรมการออกกำลังกาย การประยุกต์รำไทยเพื่อการออกกำลังกาย"																				
01175151	ศิลปะการป้องกันตัวและการต่อสู้ด้วยดาบไทย (Martial Art with Thai Sword)	1(0-2-1)	คณะศึกษาศาสตร์	อยู่ดีมีสุข	"คุณค่าและประโยชน์ของศิลปะการป้องกันตัวและการต่อสู้ด้วยดาบไทย ทักษะและความรู้
พื้นฐานการเล่นดาบไทย การประยุกต์ศิลปะการป้องกันตัวและการต่อสู้ด้วยดาบไทยไปสู่
การออกกำลังกายเพื่อส่งเสริมสุขภาพในชีวิตประจำวัน"																				
01175152	ศิลปะการป้องกันตัวและการต่อสู้ด้วยดาบสากล (Martial Arts with Fencing)	1(0-2-1)	คณะศึกษาศาสตร์	อยู่ดีมีสุข	"คุณค่าและประโยชน์ของศิลปะการป้องกันตัวและการต่อสู้ด้วยดาบสากล ทักษะและ
ความรู้พื้นฐานการเล่นดาบสากล การประยุกต์ศิลปะการป้องกันตัวและการต่อสู้ด้วยดาบสากลไปสู่
การออกกำลังกายเพื่อส่งเสริมสุขภาพในชีวิตประจำวัน"																				
01175153	ศิลปะการป้องกันตัวและการต่อสู้ด้วยมวยไทย (Martial Art with Thai Boxing)	1(0-2-1)	คณะศึกษาศาสตร์	อยู่ดีมีสุข	"คุณค่าและประโยชน์ของศิลปะการป้องกันตัวและการต่อสู้ด้วยมวยไทย ทักษะและความรู้
พื้นฐานมวยไทย การประยุกต์ศิลปะการป้องกันตัวและการต่อสู้ด้วยมวยไทยไปสู่การออกกำลังกาย
เพื่อส่งเสริมสุขภาพในชีวิตประจำวัน"																				
01175154	ศิลปะการป้องกันตัวและการต่อสู้ด้วยมวยสากล (Martial Art with Boxing)	1(0-2-1)	คณะศึกษาศาสตร์	อยู่ดีมีสุข	"คุณค่าและประโยชน์ของศิลปะการป้องกันตัวและการต่อสู้ด้วยมวยสากล ทักษะและ
ความรู้พื้นฐานมวยสากล การประยุกต์ศิลปะการป้องกันตัวและการต่อสู้ด้วยมวยสากลไปสู่
การออกกำลังกายเพื่อส่งเสริมสุขภาพในชีวิตประจำวัน"																				
01175155	ศิลปะการป้องกันตัวและการต่อสู้ด้วยยูโด (Martial Art with Judo)	1(0-2-1)	คณะศึกษาศาสตร์	อยู่ดีมีสุข	"คุณค่าและประโยชน์ของศิลปะการป้องกันตัวและการต่อสู้ด้วยยูโด ทักษะและความรู้
พื้นฐานยูโด การประยุกต์ศิลปะการป้องกันตัวและการต่อสู้ด้วยยูโดไปสู่การออกกำลังกาย
เพื่อส่งเสริมสุขภาพในชีวิตประจำวัน"																				
01175156	ศิลปะการป้องกันตัวและการต่อสู้ด้วยไอคิโด (Martial Art with Aikido)	1(0-2-1)	คณะศึกษาศาสตร์	อยู่ดีมีสุข	"คุณค่าและประโยชน์ของศิลปะการป้องกันตัวและการต่อสู้ด้วยไอคิโด ทักษะและความรู้
พื้นฐานไอคิโด การประยุกต์ศิลปะการป้องกันตัวและการต่อสู้ด้วยไอคิโดไปสู่การออกกำลังกาย
เพื่อส่งเสริมสุขภาพในชีวิตประจำวัน"																				
01175157	ศิลปะการป้องกันตัวและการต่อสู้ด้วยกระบี่กระบอง (Martial Art with Krabi-Krabong)	1(0-2-1)	คณะศึกษาศาสตร์	อยู่ดีมีสุข	"คุณค่าและประโยชน์ของศิลปะการป้องกันตัวและการต่อสู้ด้วยกระบี่กระบอง ทักษะและ
ความรู้พื้นฐานการเล่นกระบี่กระบอง การประยุกต์ศิลปะการป้องกันตัวและการต่อสู้ด้วยกระบี่
กระบองไปสู่การออกกำลังกายเพื่อส่งเสริมสุขภาพในชีวิตประจำวัน"																				
01175159	ศิลปะการป้องกันตัวและการต่อสู้ด้วยคาราเต้ (Martial Art with Karate)	1(0-2-1)	คณะศึกษาศาสตร์	อยู่ดีมีสุข	"คุณค่าและประโยชน์ของศิลปะการป้องกันตัวและการต่อสู้ด้วยคาราเต้ทักษะและความรู้
พื้นฐานคาราเต้การประยุกต์ศิลปะการป้องกันตัวและการต่อสู้ด้วยคาราเต้ไปสู่การออกกำลังกาย
เพื่อส่งเสริมสุขภาพในชีวิตประจำวัน"																				
01175161	ฝึกสมองด้วยการเล่นบริดจ์ (Brain Training with Playing Bridge)	1(0-2-1)	คณะศึกษาศาสตร์	อยู่ดีมีสุข	"การพัฒนาสมองด้วยกิจกรรมการเล่นบริดจ์ความรู้พื้นฐานการเล่นบริดจ์การประยุกต์
กิจกรรมบริดจ์ไปส่การออกกำล ู ังกายเพื่อพัฒนาสมองและส่งเสริมสุขภาพในชีวิตประจำวัน"																				
01175162	โบว์ลิ่งเพื่อสุขภาพ (Bowling for Health)	1(0-2-1)	คณะศึกษาศาสตร์	อยู่ดีมีสุข	"คุณค่าและประโยชน์ของกีฬาโบว์ลิ่ง ทักษะและความรู้พื้นฐานกีฬาโบว์ลิ่ง การประยุกต์
กีฬาโบว์ลิ่งไปสู่การออกกำลังกายเพื่อส่งเสริมสุขภาพ"																				
01175163	กอล์ฟเพื่อสุขภาพ (Golf for Health)	1(0-2-1)	คณะศึกษาศาสตร์	อยู่ดีมีสุข	"คุณค่าและประโยชน์ของกีฬากอล์ฟ ทักษะและความรู้พื้นฐานกีฬากอล์ฟ การประยุกต์
กีฬากอล์ฟไปสู่การออกกำลังกายเพื่อส่งเสริมสุขภาพในชีวิตประจำวัน"																				
01175164	จักรยานเพื่อสุขภาพ (Cycling for Health)	1(0-2-1)	คณะศึกษาศาสตร์	อยู่ดีมีสุข	"คุณค่าและประโยชน์ของการขี่จักรยาน ทักษะและความรู้พื้นฐานการขี่จักรยาน การประยุกต์
การขี่จักรยานไปสู่การออกกำลังกายเพื่อส่งเสริมสุขภาพในชีวิตประจำวัน"																				
01175165	การฝึกด้วยน้ำหนักเพื่อสุขภาพ (Weight Training for Health)	1(0-2-1)	คณะศึกษาศาสตร์	อยู่ดีมีสุข	"การออกกำลังกายด้วยกิจกรรมการฝึกด้วยน้ำหนัก ทักษะและความรู้พื้นฐาน การฝึกด้วย
น้ำหนัก การประยุกต์ใช้กิจกรรมการฝึกด้วยน้ำหนักไปสู่การออกกำลังกายเพื่อส่งเสริมสุขภาพใน
ชีวิตประจำวัน"																				
01175166	ศิลปะการป้องกันตัวและการต่อสู้ด้วยเทควันโด (Martial Art with Taekwondo)	1(0-2-1)	คณะศึกษาศาสตร์	อยู่ดีมีสุข	"คุณค่าและประโยชน์ของศิลปะการป้องกันตัวและการต่อสู้ด้วยเทควันโด ทักษะและ
ความรู้พื้นฐานเทควันโด การประยุกต์ศิลปะการป้องกันตัวและการต่อสู้ด้วยเทควันโดไปสู่
การออกกำลังกายเพื่อส่งเสริมสุขภาพในชีวิตประจำวัน"																				
01175167	โยคะเพื่อสุขภาพ (Yoga for Health)	1(0-2-1)	คณะศึกษาศาสตร์	อยู่ดีมีสุข	"การออกกำลังกายด้วยกิจกรรมโยคะ ทักษะและความรู้พื้นฐานโยคะ การประยุกต์กิจกรรม
โยคะไปสู่การออกกำลังกายเพื่อส่งเสริมสุขภาพแต่ละบุคคลในชีวิตประจำวันและสุขภาพสังคม"																				
01175168	การวิ่งเหยาะเพื่อสุขภาพ (Jogging for Health)	1(0-2-1)	คณะศึกษาศาสตร์	อยู่ดีมีสุข	"การออกกำลังกายด้วยกิจกรรมการวิ่งเหยาะ ทักษะและความรู้พื้นฐานการวิ่งเหยาะ
การประยุกต์กิจกรรมการวิ่ง"																				
01175169	การออกกำลังกายเพื่อพัฒนาสุขภาพแบบองค์รวม (Exercise for developing Holistic Health)	2(1-2-3)	คณะศึกษาศาสตร์	อยู่ดีมีสุข																					
04355185	จานร่อนเพื่อสุขภาพ (Flying Disc for health)	1(0-2-1)	คณะศิลปศาสตร์และวิทยาการจัดการ	อยู่ดีมีสุข	"ความรู้ทั่วไปเกี่ยวกับกีฬาจานร่อน ประวัติความเป็นมา ประเภท กติกาพื้นฐาน ทักษะ
พื้นฐานของจานร่อนประเภทอัลติเมท เทคนิคและรูปแบบการเล่นเพื่อสุขภาพ"																				
04837111	กีฬาเพื่อสุขภาพที่ดี (Sports for Wellbeing)	2(1-2-3)	คณะศิลปศาสตร์และวิทยาการจัดการ	อยู่ดีมีสุข																					
01173151	เอดส์ศึกษา (AIDS Education)	2(2-0-4)	คณะศึกษาศาสตร์	อยู่ดีมีสุข	"ประวัติความเป็นมาของโรคเอดส์สาเหตุของโรค การติดเชื้อ การแพร่เชื้อเอชไอวีลักษณะ
อาการของผู้ป่วยโรคเอดส์การแบ่งการติดเชื้อเอชไอวีในระยะต่าง ๆ สถานการณ์ของโรคเอดส์
เอดส์กับสังคม การดูแลผู้ติดเชื้อเอชไอวีความก้าวหน้าในการศึกษาและวิจัยโรคเอดส์เทคโนโลยี
ทางการแพทย์ที่เกี่ยวข้องกับการรักษาโรคเอดส์ในปัจจุบันและสวัสดิการการรักษาพยาบาล
การปฏิบัติตนให้ปลอดภัยจากโรคเอดส์การประชาสัมพันธ์ให้ความรู้เรื่องโรคเอดส์แก่กลุ่มเพื่อน
ครอบครัวและชุมชน"																				
01174123	ค่ายพักแรมนันทนาการ (Recreation Camp)	2(1-2-4)	คณะศึกษาศาสตร์	อยู่ดีมีสุข	"ประวัติปรัชญา และประโยชน์ของค่ายพักแรมและนันทนาการ ประเภทของค่ายพักแรม
กิจกรรมนันทนาการในค่ายพักแรม การอนุรักษ์ธรรมชาติและสิ่งแวดล้อม อุปกรณ์ค่ายพักแรม
การเลือกสถานที่ตั้งค่ายพักแรม กฎการอยู่ค่ายพักแรม การประกอบอาหารในค่ายพักแรม การเตรียม
เสื้อผ้าและสิ่งจำเป็นในการอยู่ค่ายพักแรม การปฐมพยาบาล การเตรียมยานพาหนะในการเดินทางไป
ค่ายพักแรม"																				
01174231	นันทนาการเบื้องต้น (Introduction to Recreation)	2(2-0-4)	คณะศึกษาศาสตร์	อยู่ดีมีสุข	"ประวัติปรัชญา ความหมาย แนวคิดและทฤษฎีเกี่ยวกับนันทนาการและการใช้เวลาว่าง
การศึกษาการใช้เวลาว่าง นันทนาการและการใช้เวลาว่างในแต่ละช่วงชีวิต นันทนาการบำบัด
การจัดการนันทนาการและการใช้เวลาว่าง กีฬาเชิงนันทนาการ นันทนาการเชิงพาณิชย์และ
การท่องเที่ยว นันทนาการเพื่อคุณภาพชีวิต บทบาทของผู้นำนันทนาการ โปรแกรมนันทนาการ
และการใช้เวลาว่าง นันทนาการกลางแจ้งและค่ายพักแรม การเรียนรู้วัฒนธรรมอาเซียน"																				
01176141	การวางแผนชีวิตและอาชีพสำหรับคนรุ่นใหม่ (Life and Career Planning for the New Generation)	2(2-0-4)	คณะศึกษาศาสตร์	อยู่ดีมีสุข																					
01350103	ชีวิตยืดหยุ่นได้ (Resilient Life)	3(3-0-6)	คณะมนุษยศาสตร์	อยู่ดีมีสุข																					
01373103	**เรื่องเล่ากับการแพทย์ (Narrative and Medicine)	3(3-0-6)	คณะมนุษยศาสตร์	อยู่ดีมีสุข																					
01387101	ศิลปะการอยู่ร่วมกับผู้อื่น (The Art of Living with Others)	3(3-0-6)	คณะมนุษยศาสตร์	อยู่ดีมีสุข																					
01387103	ปรัชญาเศรษฐกิจพอเพียงกับพุทธศาสนา (Philosophy of Sufficiency Economics and Buddhism)	3(3-0-6)	คณะมนุษยศาสตร์	อยู่ดีมีสุข																					
01390103	การท่องเที่ยวเพื่อความผาสุก (Tourism for Well-Being)	3(3-0-6)	คณะมนุษยศาสตร์	อยู่ดีมีสุข	"ความหมายและลักษณะของการท่องเที่ยวเพื่อความผาสุก รูปแบบ และกิจกรรมทาง
การท่องเที่ยวเพื่อการฟื้นฟูสุขภาพ การท่องเที่ยวเพื่อการกินดีอยู่ดีการท่องเที่ยวทางกีฬา
การท่องเที่ยวเพื่อการฟื้นฟูจิตใจ การท่องเที่ยวเชิงศาสนา และการท่องเที่ยวเพื่อการเสริม
ความงาม การวางแผนเพื่อแก้ไขปัญหาสุขภาพกายและสุขภาพใจ การวางแผนเพื่อการพัฒนา
บุคลิกภาพภายในและภายนอก กรณีศึกษา มีการศึกษานอกสถานที่"																				
01402101	การรู้เท่าทันผลิตภัณฑ์เสริมความงาม (Beauty Products Literacy)	3(3-0-6)	คณะวิทยาศาสตร์	อยู่ดีมีสุข	"ความรู้ทั่วไปเกี่ยวกับความงาม เคมีภัณฑ์และความปลอดภัยในการใช้เครื่องสำอาง
สารทางชีวเคมีและอนุพันธ์ที่เกี่ยวข้องกับความงาม สารต้านอนุมูลอิสระ สมุนไพรและสาร
ออกฤทธิ์ที่ใช้ในเวชสำอาง อาหารเสริมเพื่อสุขภาพและความงาม เทคโนโลยีเพื่อความงาม
การเลือกใช้เครื่องสำอางในชีวิตประจำวัน"																				
01416101	พันธุศาสตร์ในสื่อ (Genetics in Media)	3(3-0-6)	คณะวิทยาศาสตร์	อยู่ดีมีสุข	"การนำเสนอพันธุศาสตร์ในสื่อสาธารณะ การถ่ายทอดข้อมูลทางพันธุกรรม พันธุกรรม
และความแตกต่างระหว่างบุคคล การตรวจพิสูจน์บุคคล การสร้างสิ่งมีชีวิตดัดแปรพันธุกรรม
พันธุศาสตร์กับสุขภาพ"																				
01418103	สุขภาพและสังคมดิจิทัล (Health and Digital Society)	2(2-0-4)	คณะวิทยาศาสตร์	อยู่ดีมีสุข																					
01421201	รังสี ชีวิต และสิ่งแวดล้อม (Radiation, Life and Environment)	2(2-0-4)	คณะวิทยาศาสตร์	อยู่ดีมีสุข	"รังสีในชีวิตประจำวัน รังสีชนิดที่ไม่ก่อไอออนและชนิดก่อไอออน ผลทางชีววิทยาของรังสี
ชนิดต่าง ๆ ที่มนุษย์ได้รับในแต่ละวัน ผลกระทบของคลื่นโทรศัพท์มือถือ รังสีในสิ่งแวดล้อม
การกำหนดปริมาณรังสีที่ยอมให้มนุษย์รับได้พลังงานและมนุษย์การใช้พลังงาน พลังงานทางเลือก
พลังงานนิวเคลียร์สำหรับภูมิภาคอาเซียนและผลกระทบต่อสิ่งแวดล้อม บทเรียนจากอุบัติเหตุทาง
นิวเคลียร์และรังสีการใช้ประโยชน์จากพลังงานนิวเคลียร์ในทางสันติ"																				
01453102	กฎหมายในชีวิตประจำวัน (Law in Everyday Life)	3(3-0-6)	คณะสังคมศาสตร์	อยู่ดีมีสุข	"กฎหมายที่ประชาชนควรรู้ สิทธิและหน้าที่ตามกฎหมายที่เกี่ยวข้องในชีวิตประจำวัน
กฎหมายแพ่งและพาณิชย์ กฎหมายอาญา สิทธิและหน้าที่ของนายจ้างและลูกจ้าง และสิทธิ
ของผู้บริโภค "																				
01459101	จิตวิทยาเพื่อชีวิตสมัยใหม่ (Psychology for Modern Life)	3(3-0-6)	คณะสังคมศาสตร์	อยู่ดีมีสุข	"การรักษาสมดุลของวิถีชีวิตเพื่อสุขภาพที่ดีการเข้าใจและควบคุมอารมณ์การฝึกสมอง
การหากลยุทธ์ที่มีประสิทธิภาพเพื่อการเรียน การเสริมสร้างการเห็นคุณค่าในตนเอง การปรับตัว
สู่สังคมสมัยใหม่ การรักษาความรักและความสุขในชีวิตสมัยใหม่ และการเป็นพลเมืองดีในโลก
สมัยใหม่"																				
01459102	จิตวิทยากับความหลากหลายของมนุษย์ (Psychology and Human Diversity)	3(3-0-6)	คณะสังคมศาสตร์	อยู่ดีมีสุข	"การประยุกต์แนวคิดและทฤษฎีทางจิตวิทยาเพื่อความเข้าใจความหลากหลายของมนุษย์
ในด้านชาติพันธุ์วัฒนธรรมและทัศนคติเพื่อความผาสุกในชีวิต"																				
01999011	อาหารเพื่อมนุษยชาติ (Food for Mankind)	3(3-0-6)	วิทยาลัยบูรณาการศาสตร์	อยู่ดีมีสุข	"ความสัมพันธ์ของการผลิตอาหารกับความต้องการอาหารของประชากร ชนิดและ
แหล่งอาหาร ระบบการผลิตอาหารและการสูญเสียระหว่างการผลิต พฤติกรรมการบริโภค
หลักโภชนาการและความสำคัญของการบริโภคอาหารต่อสุขภาพ การถนอมอาหารและการเก็บ
รักษา บทบาทขององค์กรต่าง ๆ ที่เกี่ยวกับการจัดการเรื่องอาหารของมนุษยชาติ"																				
01999012	สุขภาพเพื่อชีวิต (Health for Life)	3(3-0-6)	วิทยาลัยบูรณาการศาสตร์	อยู่ดีมีสุข	"กลไกการกำเนิดและพัฒนาการของมนุษย์บทบาททางเพศ การดูแลส่งเสริมสุขภาพกาย
และสุขภาพจิต การป้องกันภาวะการเสี่ยงของบุคคลวัยต่าง ๆ สุขภาพผู้บริโภค สิ่งแวดล้อมและ
สุขภาพ ปัจจัยทางครอบครัวที่ส่งผลต่อสุขภาพ ความก้าวหน้าทางวิทยาศาสตร์สุขภาพ มีการศึกษา
นอกสถานที"																				
01999033	ศิลปะการดำเนินชีวิต (Arts of Living)	3(3-0-6)	วิทยาลัยบูรณาการศาสตร์	อยู่ดีมีสุข																					
01999036	ความสุขในพลวัตของชีวิต (Happiness amongst Life Dynamics)	3(3-0-6)	วิทยาลัยบูรณาการศาสตร์	อยู่ดีมีสุข	"แนวคิดของความสุข พลวัตของชีวิต การเห็นคุณค่าตนเอง การคิดบวก การดูแลสุขภาพ
การสร้างครอบครัวให้อบอุ่นและมีความสุข การสร้างนิสัยที่ดีผ่านกิจวัตรประจำวัน ปฏิสัมพันธ์ที่ดี
กับบุคคลรอบข้าง ความสุขจากสิ่งแวดล้อม การใช้เทคโนโลยีสารสนเทศอย่างมีความสุข ความสุข
ทางการเงิน สัมมาทิฐิ"																				
01999048	นวัตกรรมเพื่อสิ่งแวดล้อมและสุขภาวะ (Innovation for Environment and Well-being)	3(3-0-6)	วิทยาลัยบูรณาการศาสตร์	อยู่ดีมีสุข																					
01999051	การพัฒนาสมรรถนะหลักผ่านสุขภาพหนึ่งเดียว (Development of Core Competency through One Health)	2(2-0-4)	วิทยาลัยบูรณาการศาสตร์	อยู่ดีมีสุข	"แนวคิดสุขภาพหนึ่งเดียว สถานการณ์ของสุขภาพหนึ่งเดียวในประเทศไทย การพัฒนา
สมรรถนะหลักทั้ง 7 สมรรถนะ ประกอบด้วย ความรู้เกี่ยวกับสุขภาพหนึ่งเดียว ความร่วมมือและ
การเป็นหุ้นส่วน/พันธมิตร ภาวะผู้นำ การคิดเชิงระบบ วัฒนธรรมและจริยธรรม การสื่อสารและ
สารสนเทศศาสตร์และการวางแผนและการจัดการ การจัดทำโครงการเพื่อแก้ปัญหาผ่านแนวคิด
สุขภาพหนึ่งเดียว"																				
01999213	สิ่งแวดล้อม เทคโนโลยีและชีวิต (Environment, Technology and Life)	3(3-0-6)	วิทยาลัยบูรณาการศาสตร์	อยู่ดีมีสุข																					
02717011	ตนและการพัฒนาตน (Self and Self Development)	3(3-0-6)	คณะศิลปศาสตร์และวิทยาศาสตร์	อยู่ดีมีสุข	"ทฤษฎีความเป็นตัวตน ปฏิสัมพันธ์ทางสังคม การปรับตัวให้เข้ากับการเปลี่ยนแปลงอย่าง
รวดเร็วทางสังคม บทบาททางสังคมและสถานภาพของตนเองและผู้อื่น มนุษยสัมพันธ์จริยธรรม
การทำงานเป็นทีม การจัดการความขัดแย้ง และการพัฒนาตน"																				
02724012	การพัฒนาบุคลิกภาพ (Personality Development)	3(3-0-6)	คณะศิลปศาสตร์และวิทยาศาสตร์	อยู่ดีมีสุข	"หลักการพัฒนาบุคลิกภาพ ศิลปะการแต่งกาย การปรากฏตัวและการแสดงอิริยาบถให้
เหมาะสม การทรงท่าที่ถูกสุขลักษณะ หลักและศิลปะการสร้างมนุษยสัมพันธ์และการพูดในที่
สาธารณะ การใช้อวัจนภาษา มารยาทสังคมและการสมาคม"																				
02727104	สิ่งมีชีวิตกับภัยพิบัติทางธรรมชาติ (Living Things and Natural Disasters)	3(3-0-6)	คณะศิลปศาสตร์และวิทยาศาสตร์	อยู่ดีมีสุข	"ประเภทและสาเหตุของภัยพิบัติทางธรรมชาติบทบาทของพืชและสัตว์ในการเตือนภัย
การวิเคราะห์และการแก้ไขปัญหาเพื่อการเอาตัวรอดและการให้ความช่วยเหลือแก่มนุษย์สัตว์พืช
และสิ่งแวดล้อม การป้องกันและการชะลอความรุนแรงโดยใช้ประโยชน์จากพืช การดำรงชีวิต การ
ปรับตัวของพืช สัตว์มนุษย์และการเปลี่ยนแปลงของสิ่งแวดล้อมเมื่อประสบภัยพิบัติทางธรรมชาติ"																				
02728101	เคมีในชีวิตสมัยใหม่ (Chemistry in Modern Life)	3(3-0-6)	คณะศิลปศาสตร์และวิทยาศาสตร์	อยู่ดีมีสุข	"ความหมายและความสำคัญของเคมีเคมีในอาหาร เคมีในสุขภาพและความงาม เคมีใน
ศิลปะ เคมีในศรัทธาและความเชื่อ เคมีในอาชญากรรม เคมีกับความรุนแรง เคมีในการผลิตสื่อ
กรณีศึกษาในประเด็นด้านสิ่งแวดล้อม"																				
03521101	ทะเลกับชีวิต (Sea and Life)	3(3-0-6)	คณะพาณิชยนาวีนานาชาติ	อยู่ดีมีสุข	"ความสำคัญของทรัพยากรทางทะเลและชายฝั่ง อาณาเขตทางทะเล การใช้ประโยชน์จาก
ทรัพยากรทางทะเล ผลประโยชน์และความมั่นคงทางทะเล ผลกระทบของการเปลี่ยนแปลงทาง
ทะเลและชายฝั่งที่ส่งผลกระทบต่อมนุษย์มลพิษทางทะเล ความปลอดภัยทางทะเล อันตรายจาก
สิ่งมีชีวิตในทะเลและการปฐมพยาบาล"																				
04101201	วิถีชีวิตเศรษฐกิจพอเพียง (Lifestyle of Sufficiency Economy)	3(3-0-6)	คณะทรัพยากรธรรมชาติและอุตสาหกรรมเกษตร	อยู่ดีมีสุข	"หลักคิด บทบาท และความสำคัญของเศรษฐกิจพอเพียง การประยุกต์เศรษฐกิจพอเพียง
ในชีวิตประจำวัน และการบูรณาการเศรษฐกิจพอเพียงในการประกอบอาชีพต่าง ๆ"																				
04152201	**วิถีโภชนาการใหม่เพื่อชีวิต (New Trend Nutrition for Life)	3(3-0-6)	คณะทรัพยากรธรรมชาติและอุตสาหกรรมเกษตร	อยู่ดีมีสุข																					
04355181	กิจกรรมยามว่างเพื่อสุขภาพ (Leisure Activity for Health)	3(3-0-6)	คณะศิลปศาสตร์และวิทยาการจัดการ	อยู่ดีมีสุข																					
01005101	เทคโนโลยีเกษตรสมัยใหม่ (Modern Agricultural Technology)	3(3-0-6)	คณะเกษตร	ศาสตร์แห่งผู้ประกอบการ	"ผลกระทบจากโลกาภิวัตน์ต่อการเกษตร การเกษตรสมัยใหม่ เทคโนโลยีพื้นฐานทาง
การเกษตร การใช้เทคโนโลยีก้าวหน้าในการเกษตร สินค้าเกษตรปลอดภัย พลังงานสีเขียว"																				
01101101	เศรษฐศาสตร์ทั่วไปในกระแสโลกาภิวัตน์ (General Economics in Globalization)	3(3-0-6)	คณะเศรษฐศาสตร์	ศาสตร์แห่งผู้ประกอบการ	"เศรษฐศาสตร์และโลกรอบตัวเรา ระบบเศรษฐกิจ และรูปแบบการประกอบธุรกิจ
การประยุกต์ตลาด อุปสงค์และอุปทานในชีวิตประจำวัน พฤติกรรมผู้บริโภค-หน่วยผลิต
ความเชื่อมโยงเศรษฐกิจไทยและเศรษฐกิจโลก ปัญหาทางเศรษฐกิจที่สำคัญ การเงินการธนาคาร
และการคลังในชีวิตประจำวัน เศรษฐกิจไทยในกระแสโลกาภิวัตน์และเศรษฐกจดิ ิจิทัล"																				
01131111	การเงินสำหรับผู้ประกอบการ (Finance for Entrepreneurs)	3(3-0-6)	คณะบริหารธุรกิจ	ศาสตร์แห่งผู้ประกอบการ	"ความสัมพันธ์ของเงินทุนต่อการดำเนินธุรกิจ แหล่งเงินทุนและการพยากรณ์ความต้องการ
เงินทุน การแสวงเงินทุน การจัดสรรเงินทุนอย่างมีประสิทธิภาพ การบริหารความเสี่ยงทางการเงิน
สำหรับผู้ประกอบการจะช่วยให้ผู้ประกอบการสามารถดำเนินธุรกิจไปได้อย่างราบรื่น"																				
01177141	การแสวงหาความรู้ (Knowledge Acquisition)	3(3-0-6)	คณะศึกษาศาสตร์	ศาสตร์แห่งผู้ประกอบการ	"ความสำคัญและความจำเป็นของความรู้ในโลกยุคใหม่ วิวัฒนาการของการแสวงหา
ความรู้ในแต่ละยุคสมัย การแสวงหาความรู้ด้วยวิธีการสืบเสาะ การเรียนรู้ตามอัธยาศัย
และกระบวนการวิจัยเพื่อมุ่งสู่เป้าหมายที่กำหนด การพัฒนาทักษะที่จำเป็นในการแสวงหาความรู้
การนำแนวคิดการแสวงหาความรู้ไปใช้เพื่อวางแผนการเป็นผู้ประกอบการที่มีศักยภาพในอนาคต"																				
01179101	**ทักษะการประกอบการ (Entrepreneurial Skills)	3(3-0-6)	คณะศึกษาศาสตร์	ศาสตร์แห่งผู้ประกอบการ 																					
01200101	การคิดเชิงนวัตกรรม (Innovative Thinking)	3(3-0-6)	คณะวิศวกรรมศาสตร์	ศาสตร์แห่งผู้ประกอบการ																					
01242001	การออกแบบและธุรกิจผลิตภัณฑ์แนวสร้างสรรค์ (Design and Business of Creative Products)	3(2-2-5)	คณะสถาปัตยกรรมศาสตร์	ศาสตร์แห่งผู้ประกอบการ																					
01387105	พุทธจริยศาสตร์ในการดำเนินธุรกิจ (Buddhist Ethics of Business Operations)	3(3-0-6)	คณะมนุษยศาสตร์	ศาสตร์แห่งผู้ประกอบการ	"ความหมาย ขอบเขต ความสำคัญและวิธีการศึกษาวิถีพุทธเพื่อการดำเนินธุรกิจ ระบบ
เศรษฐกิจแบบทุนนิยม ปัญหาจริยธรรมในการดำเนินธุรกิจ ลักษณะเฉพาะและคำสอนหลักของ
ระบบพุทธจริยศาสตร์เศรษฐศาสตร์เชิงพุทธศาสนา การเปรียบเทียบทุนนิยมกับเศรษฐศาสตร์เชิง
พุทธศาสนา การคิดเชิงวิพากษ์เกี่ยวกับปัญหาทางจริยธรรมในธุรกิจ ทั้งในบริบทต่อตนเอง สังคม
สรรพสัตว์และสภาวะแวดล้อม"																				
01390104	การพัฒนาบุคลิกภาพเพื่อการเป็นผู้ประกอบการสมัยใหม่ (Personality Development for Modern Entrepreneur)	3(3-0-6)	คณะมนุษยศาสตร์	ศาสตร์แห่งผู้ประกอบการ	"องค์ประกอบของบุคลิกภาพ หลักการและแนวทางการพัฒนาบุคลิกภาพภายในและ
ภายนอก การวิเคราะห์ตนเองให้เหมาะสมกับบริบทการปรากฏตัวในพื้นที่สาธารณะยุคดิจิทัล
เรื่องเฉพาะของการสื่อสารผ่านสื่อสังคมออนไลน์คุณลักษณะ และองค์ประกอบของความเป็น
ผู้ประกอบการ กรณีศึกษา"																				
01418102	เทคโนโลยีสารสนเทศเพื่อผู้ประกอบการ (Information Technology for Entrepreneurs)	3(3-0-6)	คณะวิทยาศาสตร์	ศาสตร์แห่งผู้ประกอบการ																					
01453103	กฎหมายสำหรับผู้ประกอบการใหม่ (Laws for New Entrepreneur)	3(3-0-6)	คณะสังคมศาสตร์	ศาสตร์แห่งผู้ประกอบการ	"การจดทะเบียนจัดตั้งธุรกิจ การทำสัญญา ซื้อขายออนไลน์การโฆษณา การจัดการภาษี
สิทธิหน้าที่ของผู้ทรงสิทธิบัตร การละเมิดทรัพย์สินทางปัญญา ความสัมพันธ์ของนายจ้าง-ลูกจ้าง
หลักประกันทางธุรกิจ การแบ่งทรัพย์สินและเลิกกิจการ การล้มละลาย การฟื้นฟูกิจการ"																				
01999041	เศรษฐศาสตร์เพื่อการดำเนินชีวิตที่ดี (Economics for Better Living)	3(3-0-6)	วิทยาลัยบูรณาการศาสตร์	ศาสตร์แห่งผู้ประกอบการ	"ความสัมพันธ์ระหว่างเศรษฐศาสตร์และบริหารธุรกิจกับการดำเนินชีวิตที่ดีบทบาทและ
การดำเนินชีวิตของมนุษย์ในสังคม เศรษฐกิจระดับครัวเรือน ชุมชนและสังคม เรียนรู้ความเป็น
ผู้ประกอบการ การจัดการองค์ประกอบทางเศรษฐกิจ รูปแบบและประเด็นสำคัญในทาง
เศรษฐศาสตร์และการจัดการ กรณีศึกษาเกี่ยวกับเศรษฐศาสตร์และการจัดการในปัจจุบัน"																				
01999043	การคิดสร้างสรรค์เพื่อการจัดการคุณค่า (Creativity for Value Management)	3(3-0-6)	วิทยาลัยบูรณาการศาสตร์	ศาสตร์แห่งผู้ประกอบการ	"ความรู้เบื้องต้นเกี่ยวกับการคิดสร้างสรรค์วิวัฒนาการและโลกทัศน์ของแนวคิดยุคใหม่
การจัดการคุณค่า หลักการในการวิเคราะห์ปัญหาด้วยจิตสำนึก กรณีศึกษาการประยุกต์ใช้ทฤษฎี
และการจัดการองค์กรให้เกิดศักยภาพการแข่งขันสูงสุด"																				
01999112	แนวคิดเศรษฐกิจหมุนเวียนเพื่อความยั่งยืน (Circular Economy Concept for Sustainability)	3(2-3-6)	วิทยาลัยบูรณาการศาสตร์	ศาสตร์แห่งผู้ประกอบการ	"การเรียนรู้คุณค่าธรรมชาติต่อการดำรงชีวิตของมนุษย์ในด้านการนำทรัพยากรธรรมชาติ
มาใช้ประโยชน์การสร้างความตื่นรู้และตระหนักเกี่ยวกับสถานการณ์และภาวะวิกฤตทางธรรมชาติ
ที่ส่งผลกระทบต่อการดำรงชีวิตของมนุษย์ความเข้าใจเกี่ยวกับระบบความคิดเชิงวิเคราะห์
โดยตลอดวัฏจักร การผลิตวัตถุดิบ กระบวนการผลิตสินค้าและการบรรจภุ ัณฑ์การใช้งาน การซ่อม
บำรุง การนำกลับมาใช้ซ้ำ อัพไซเคิล รีไซเคิล และการจัดการของเสียขั้นสุดท้าย แนวคิดขยะ
เหลือศูนย์กระบวนการคิดการวิเคราะห์และออกแบบธุรกิจภายใต้แนวคิดเศรษฐกิจหมุนเวียน
เพื่อความยั่งยืน"																				
02714101	การคิดเชิงวิพากษ์และการแก้ปัญหา (Critical Thinking and Problem Solving)	3(3-0-6)	คณะศิลปศาสตร์และวิทยาศาสตร์	ศาสตร์แห่งผู้ประกอบการ	"กระบวนการคิด การคิดเชิงเหตุผล วิธีการคิดเชิงวิพากษ์และสร้างสรรค์แก้ปัญหาด้วย
ความคิดสร้างสรรค์ความคิดสร้างสรรค์และนวัตกรรมในวิชาชีพของบุคคลในศตวรรษที่ 21 "																				
02721121	การจัดการธุรกิจเพื่อสังคมที่ยั่งยืน (Business Management for Social Sustainability)	3(3-0-6)	คณะศิลปศาสตร์และวิทยาศาสตร์	ศาสตร์แห่งผู้ประกอบการ	"ความสัมพันธ์ระหว่างธุรกิจและสังคม ความรับผิดชอบของธุรกิจต่อสังคมกับความยั่งยืน
แนวคิดและกระบวนการของการจัดการธุรกิจเพื่อความยั่งยืน กิจกรรมความรับผิดชอบต่อสังคม
บทบาทของผู้นำ การประยุกต์ใช้หลักเศรษฐกิจพอเพียงกับความยั่งยืนของธุรกิจและสังคม"																				
03757123	คณิตศาสตร์สำหรับธุรกิจ (Mathematics for Business)	3(3-0-6)	คณะวิทยาการจัดการ	ศาสตร์แห่งผู้ประกอบการ	"คณิตศาสตร์เบื้องต้นที่จำเป็นสำหรับธุรกิจ การคำนวณหาดอกเบี้ย การคิดค่าเสื่อมราคา
มูลค่าปัจจุบันและเงินงวด คณิตศาสตร์สำหรับการซื้อและการขาย การประกันภัย การตัดสินใจ
ภายใต้ความเสี่ยงและความไม่แน่นอน ฟังก์ชัน อนุพันธ์และปริพันธ์และการประยุกต์เพื่อการ
ตัดสินใจทางธุรกิจ"																				
01361101	การใช้ภาษาไทยเบื้องต้น (Introductory Thai Usage)	3(3-0-6)	คณะมนุษยศาสตร์	ภาษากับการสื่อสาร	"การใช้ภาษาไทยในทักษะการฟัง การอ่าน การพูด และการเขียน ทักษะการฟังสารอย่าง
มีประสิทธิภาพและมีวิจารณญาณ ทักษะการอ่านสารตามหลักการและอ่านแบบวินิจสาร ทักษะ
การพูดในชีวิตประจำวันและการพูดเพื่อการประชาสัมพันธ์และทักษะการเขียนในชีวิตประจำวัน
และการเขียนโครงการ"																				
01361102	การเขียนภาษาไทยเชิงปฏิบัติ (Thai Practical Writing)	3(3-0-6)	คณะมนุษยศาสตร์	ภาษากับการสื่อสาร	"พื้นฐานการใช้ภาษาไทย การเขียนย่อหน้า การเขียนตอบคำถาม การเขียนเรียงความ
การเขียนหนังสือราชการ การเขียนเพื่อกิจธุระ การเขียนรายงานการประชุม และการเขียนรายงาน
ทางวิชาการ"																				
01361103	การอ่านภาษาไทยเชิงวิจารณ์ (Thai Critical Reading)	3(3-0-6)	คณะมนุษยศาสตร์	ภาษากับการสื่อสาร	"หลักการอ่านแบบ SQ3R ความรู้เบื้องต้นเกี่ยวกับการอ่านเชิงวิจารณ์การอ่านเชิงวิเคราะห์
การอ่านจับใจความสำคัญ การอ่านตีความ การประเมินค่าตัวบท และการวิจารณ์ตัวบทหลากหลาย
ประเภท"																				
01999021	ภาษาไทยเพื่อการสื่อสารในงานวิชาการและวิชาชีพ (Thai Language for Academic and Professional Communication)	3(3-0-6)	วิทยาลัยบูรณาการศาสตร์	ภาษากับการสื่อสาร																					
01999022	ภาษาไทยในบริบทวัฒนธรรมสำหรับชาวต่างชาติ(Thai Language in Cultural Context for Foreigners)	3(3-0-6)	วิทยาลัยบูรณาการศาสตร์	ภาษากับการสื่อสาร																					
02701011	การใช้ภาษาไทยเพื่อธุรกิจวิทยาศาสตร์และเทคโนโลยี (Thai Usage for Business Sciences and Technology)	3(3-0-6)	คณะศิลปศาสตร์และวิทยาศาสตร์	ภาษากับการสื่อสาร	"การใช้ภาษาไทยเพื่อการสื่อสาร กระบวนการคิดแบบวิทยาศาสตร์กับการใช้ภาษาไทย
การฝึกการอ่านและการฟังโดยเน้นการเก็บใจความสำคัญ ฝึกอ่านเชิงวิเคราะห์งานเขียนทางธุรกิจ
วิทยาศาสตร์และเทคโนโลยีรูปแบบและวิธีการเขียนรายงานทางวิชาการและรายงานทางธุรกิจ"																				
01354101	ภาษาเขมรเพื่อการสื่อสาร I (Communicative Khmer I)	3(3-0-6)	คณะมนุษยศาสตร์	ภาษากับการสื่อสาร	"ตัวอักษรเขมร ระบบเสียงภาษาเขมร โครงสร้างและไวยากรณ์ภาษาเขมรเบื้องต้น ทักษะ
การฟัง พูด อ่าน เขียนขั้นพื้นฐาน คำศัพท์และสำนวนที่ใช้ในชีวิตประจำวัน"																				
01354102	ภาษาเขมรเพื่อการสื่อสาร II (Communicative Khmer II)	3(3-0-6)	คณะมนุษยศาสตร์	ภาษากับการสื่อสาร	"ไวยากรณ์ภาษาเขมรระดับกลาง ทักษะการฟัง พูด อ่าน เขียนระดับกลาง คำศัพท์และ
สำนวนที่ใช้ในชีวิตประจำวัน"																				
01354103	ภาษาเขมรเพื่อการสื่อสาร III (Communicative Khmer III)	3(3-0-6)	คณะมนุษยศาสตร์	ภาษากับการสื่อสาร	"การใช้ภาษาเขมรขั้นสูง ฝึกการฟัง พูด อ่าน เขียนสารขนาดยาวประเภทต่าง ๆ คำศัพท์
และสำนวนที่ใช้ในสถานการณ์การติดต่อสื่อสาร"																				
01355101	ภาษาอังกฤษในชีวิตประจำวัน (English for Everyday Life)	3(3-0-6)	คณะมนุษยศาสตร์	ภาษากับการสื่อสาร																					
01355102	ภาษาอังกฤษในมหาวิทยาลัย (English for University Life)	3(3-0-6)	คณะมนุษยศาสตร์	ภาษากับการสื่อสาร																					
01355103	ภาษาอังกฤษเพื่อโอกาสในการทำงาน (English for Job Opportunities)	3(3-0-6)	คณะมนุษยศาสตร์	ภาษากับการสื่อสาร																					
01355104	ภาษาอังกฤษสำหรับนิสิตเตรียมแพทย์ I (English for Pre-medical Students I)	3(3-0-6)	คณะมนุษยศาสตร์	ภาษากับการสื่อสาร	"ฝึกอ่านบทความด้านวิทยาศาสตร์การแพทย์จากตำรา เอกสารทางวิชาการ วารสาร
ตลอดจนสิ่งตีพิมพ์อื่น ๆ ที่เกี่ยวข้อง ด้วยเทคนิคการอ่านที่สอดคล้องกับลักษณะของบทความนั้น ๆ
ฝึกเขียนตลอดจนสรุปสาระสำคัญของบทความ"																				
01355105	ภาษาอังกฤษสำหรับนิสิตเตรียมแพทย์ II (English for Pre-medical Students II)	3(3-0-6)	คณะมนุษยศาสตร์	ภาษากับการสื่อสาร	"ฝึกอ่านบทความทางการแพทย์จับใจความสำคัญ จดบันทึกย่อ ศึกษาโครงสร้างทาง
ภาษาอังกฤษทางการแพทย์ฝึกเขียนสรุป และความเรียงสั้น ๆ ทางการแพทย์"																				
01355106	การสื่อสารภาษาอังกฤษทางการแพทย์ (Communicative English in Medicine)	3(3-0-6)	คณะมนุษยศาสตร์	ภาษากับการสื่อสาร	"ทักษะภาษาอังกฤษด้านการฟัง พูด อ่าน เขียนและความสามารถในการสื่อสารในบริบท
ทางวิชาการทางการแพทย์และบริบทอื่น ๆ ที่เกี่ยวข้อง"																				
01355107	ทักษะการเขียนภาษาอังกฤษที่จำเป็น (Essential English Writing Skills)	3(3-0-6)	คณะมนุษยศาสตร์	ภาษากับการสื่อสาร																					
01355108	ภาษาอังกฤษและวัฒนธรรมจากเพลง (English and Culture through Songs)	3(3-0-6)	คณะมนุษยศาสตร์	ภาษากับการสื่อสาร																					
01355109	ทักษะการฟัง-การพูดภาษาอังกฤษที่จำเป็น (Essential English Listening-Speaking Skills)	3(3-0-6)	คณะมนุษยศาสตร์	ภาษากับการสื่อสาร																					
01355119	ทักษะการอ่านภาษาอังกฤษที่จำเป็น (Essential English Reading Skills)	3(3-0-6)	คณะมนุษยศาสตร์	ภาษากับการสื่อสาร																					
01355121	คำและการออกเสียงในภาษาอังกฤษ (English Words and Pronunciation)	3(3-0-6)	คณะมนุษยศาสตร์	ภาษากับการสื่อสาร																					
01355201	การอ่านและเขียนภาษาอังกฤษอย่างมีวิจารณญาณ (Critical Reading and Writing in English)	3(3-0-6)	คณะมนุษยศาสตร์	ภาษากับการสื่อสาร																					
01355202	การเขียนรายงานภาษาอังกฤษ (Report Writing in English)	3(3-0-6)	คณะมนุษยศาสตร์	ภาษากับการสื่อสาร																					
01355203	โครงสร้างภาษาอังกฤษ (English Language Structure)	3(3-0-6)	คณะมนุษยศาสตร์	ภาษากับการสื่อสาร																					
01355204	การนำเสนอโครงงานเป็นภาษาอังกฤษ (Project Presentation in English)	3(3-0-6)	คณะมนุษยศาสตร์	ภาษากับการสื่อสาร																					
01355205	การอ่านภาษาอังกฤษด้านสื่อสารมวลชน (Reading for Mass Communication in English)	3(3-0-6)	คณะมนุษยศาสตร์	ภาษากับการสื่อสาร																					
01355206	ภาษาอังกฤษวิชาการ (Academic English)	3(3-0-6)	คณะมนุษยศาสตร์	ภาษากับการสื่อสาร																					
01355207	การเขียนโต้ตอบภาษาอังกฤษ (English Correspondence)	3(3-0-6)	คณะมนุษยศาสตร์	ภาษากับการสื่อสาร																					
01355208	การพัฒนาทักษะภาษาอังกฤษผ่านเกม (English Skill Development through Games)	3(3-0-6)	คณะมนุษยศาสตร์	ภาษากับการสื่อสาร																					
01355209	ภาษาอังกฤษเพื่อการสื่อสารในงานอาชีพ (Communicative English for Careers)	3(3-0-6)	คณะมนุษยศาสตร์	ภาษากับการสื่อสาร																					
01355303	ภาษาอังกฤษเพื่อการสมัครงาน (English for Employment)	3(3-0-6)	คณะมนุษยศาสตร์	ภาษากับการสื่อสาร																					
01355304	**ภาษาอังกฤษสำหรับการเดินทาง (English for Travel)	3(3-0-6)	คณะมนุษยศาสตร์	ภาษากับการสื่อสาร																					
01355306	**ภาษาอังกฤษเพื่อความเข้าใจและซาบซึ้งในศิลปะและวัฒนธรรมไทย (English for Understanding and Appreciating Thai Art and Culture)	3(3-0-6)	คณะมนุษยศาสตร์	ภาษากับการสื่อสาร																					
01355307	ทักษะรวมภาษาอังกฤษเพื่อการสื่อสาร (Integrated English Language Skills for Communication)	3(3-0-6)	คณะมนุษยศาสตร์	ภาษากับการสื่อสาร																					
01356101	ภาษาฝรั่งเศสเบื้องต้น I (Elementary French I)	3(3-0-6)	คณะมนุษยศาสตร์	ภาษากับการสื่อสาร	"หลักไวยากรณ์เบื้องต้น ฟัง พูด อ่าน และเขียนประโยคพื้นฐาน ศัพท์และสำนวนใน
ชีวิตประจำวัน"																				
01356102	ภาษาฝรั่งเศสเบื้องต้น II (Elementary French II)	3(3-0-6)	คณะมนุษยศาสตร์	ภาษากับการสื่อสาร	"หลักไวยากรณ์เบื้องต้น ฟัง พูด อ่าน และเขียนประโยคพื้นฐานในระดับที่สูงขึ้น ศัพท์และ
สำนวนในชีวิตประจำวันเพื่อการสื่อสาร"																				
01356103	ภาษาฝรั่งเศสเบื้องต้น III (Elementary French III)	3(3-0-6)	คณะมนุษยศาสตร์	ภาษากับการสื่อสาร	"หลักไวยากรณ์ระดับกลาง ฟัง พูด อ่าน และเขียนในระดับที่สูงขึ้น สนทนาโต้ตอบใน
ชีวิตประจำวัน"																				
01356104	ภาษาฝรั่งเศสเบื้องต้น IV (Elementary French IV)	3(3-0-6)	คณะมนุษยศาสตร์	ภาษากับการสื่อสาร	"หลักไวยากรณ์ระดับกลางที่สูงขึ้น สนทนาโต้ตอบเรื่องทั่วไป อ่านเรื่องสั้น ๆ เพื่อเข้าใจ
เนื้อหาและโครงสร้างของประโยค"																				
01357101	ภาษาเยอรมันเบื้องต้น I (Elementary German I)	3(3-0-6)	คณะมนุษยศาสตร์	ภาษากับการสื่อสาร	โครงสร้างที่สำคัญของภาษาเยอรมัน ฝึกการฟัง การพูด การอ่านและการเขียน																				
01357102	ภาษาเยอรมันเบื้องต้น II (Elementary German II)	3(3-0-6)	คณะมนุษยศาสตร์	ภาษากับการสื่อสาร	"โครงสร้างที่สำคัญของภาษาเยอรมัน ฝึกการฟัง การพูด การอ่านและการเขียน ในระดับที่
สูงขึ้น"																				
01357103	ภาษาเยอรมันเบื้องต้น III (Elementary German III)	3(3-0-6)	คณะมนุษยศาสตร์	ภาษากับการสื่อสาร	"โครงสร้างของภาษาเยอรมัน หลักไวยากรณ์คำศัพท์สำนวน การฟัง การพูด การอ่าน
และการเขียนในระดับที่สูงขึ้น"																				
01357104	ภาษาเยอรมันเบื้องต้น IV (Elementary German IV)	3(3-0-6)	คณะมนุษยศาสตร์	ภาษากับการสื่อสาร	"โครงสร้างของภาษาเยอรมัน หลักไวยากรณ์คำศัพท์สำนวน การฟัง การพูด การอ่าน
และการเขียนในระดับที่สูงขึ้น"																				
01358101	ภาษาญี่ปุ่นเบื้องต้น I (Elementary Japanese I)	3(3-0-6)	คณะมนุษยศาสตร์	ภาษากับการสื่อสาร	"อักษรฮิระงะนะ คะตะคะนะ และคันจิหลักไวยากรณ์เบื้องต้น ฟัง พูด อ่าน และเขียน
ประโยคขั้นพื้นฐาน ศัพท์และสำนวนในชีวิตประจำวัน"																				
01358102	ภาษาญี่ปุ่นเบื้องต้น II (Elementary Japanese II)	3(3-0-6)	คณะมนุษยศาสตร์	ภาษากับการสื่อสาร	"หลักไวยากรณ์และรูปประโยคขั้นพื้นฐานในระดับที่สูงขึ้น ฟัง พูด อ่านและเขียน ศัพท์และ
สำนวนในชีวิตประจำวัน ศึกษาอักษรคันจิเพิ่มขึ้น"																				
01358103	ภาษาญี่ปุ่นเบื้องต้น III (Elementary Japanese III)	3(3-0-6)	คณะมนุษยศาสตร์	ภาษากับการสื่อสาร	"หลักไวยากรณ์และรูปประโยคขั้นพื้นฐานในระดับที่สูงขึ้น สนทนาโต้ตอบในชีวิตประจำวัน
เขียนข้อความสั้น ๆ ศึกษาอักษรคันจิเพิ่มขึ้น"																				
01358104	ภาษาญี่ปุ่นเบื้องต้น IV (Elementary Japanese IV)	3(3-0-6)	คณะมนุษยศาสตร์	ภาษากับการสื่อสาร																					
01362101	ภาษาจีน I (Chinese I)	3(3-0-6)	คณะมนุษยศาสตร์	ภาษากับการสื่อสาร	"ระบบพินอิน หลักการเขียนตัวอักษรจีน โครงสร้างและหลักไวยากรณ์เบื้องต้น การฟัง
การพูด การอ่านและการเขียนประโยคขั้นพื้นฐาน คำศัพท์และสำนวนในชีวิตประจำวัน"																				
01362102	ภาษาจีน II (Chinese II)	3(3-0-6)	คณะมนุษยศาสตร์	ภาษากับการสื่อสาร	"หลักไวยากรณ์และรูปประโยคขั้นพื้นฐานในระดับที่สูงขึ้น การฟัง การพูด การอ่านและ
การเขียน ศัพท์และสำนวนในชีวิตประจำวัน"																				
01362201	ภาษาจีน III (Chinese III)	3(3-0-6)	คณะมนุษยศาสตร์	ภาษากับการสื่อสาร	หลักไวยากรณ์และรูปประโยคขั้นพื้นฐานที่ซับซ้อน การสนทนาโต้ตอบในชีวิตประจำวัน																				
01362202	ภาษาจีน IV (Chinese IV)	3(3-0-6)	คณะมนุษยศาสตร์	ภาษากับการสื่อสาร	หลักไวยากรณ์และรูปประโยคซับซ้อน การสนทนาโต้ตอบเรื่องทั่วไป																				
01362301	ภาษาจีน V (Chinese V)	3(3-0-6)	คณะมนุษยศาสตร์	ภาษากับการสื่อสาร	"หลักไวยากรณ์และรูปประโยคซับซ้อนในระดับที่สูงขึ้น การอ่านงานเขียนขนาดสั้นเพื่อทำ
ความเข้าใจเนื้อหาและโครงสร้างของประโยค การสนทนาโต้ตอบเรื่องทั่วไป"																				
01364101	**ภาษาสเปนเพื่อการสื่อสาร I (Spanish for Communication I)	3(3-0-6)	คณะมนุษยศาสตร์	ภาษากับการสื่อสาร	"ทักษะการสื่อสารภาษาสเปน โดยใช้ไวยากรณ์คำศัพท์สำนวน ที่เหมาะสมในระดับพื้นฐาน
รวมทั้งวัฒนธรรมสเปนและประเทศในกลุ่มลาตินอเมริกา"																				
01364102	**ภาษาสเปนเพื่อการสื่อสาร II (Spanish for Communication II)	3(3-0-6)	คณะมนุษยศาสตร์	ภาษากับการสื่อสาร	"ทักษะการสื่อสารภาษาสเปน โดยใช้ไวยากรณ์คำศัพท์สำนวน ที่เหมาะสมในระดับพื้นฐาน
ถึงระดับกลาง รวมทั้งวัฒนธรรมสเปนและประเทศในกลุ่มลาตินอเมริกา"																				
01364103	**ภาษาสเปนเพื่อการสื่อสาร III (Spanish for Communication III)	3(3-0-6)	คณะมนุษยศาสตร์	ภาษากับการสื่อสาร	"ทักษะการสื่อสารภาษาสเปน โดยใช้ไวยากรณ์คำศัพท์สำนวน ที่เหมาะสมในระดับกลาง
รวมทั้งวัฒนธรรมสเปนและประเทศในกลุ่มลาตินอเมริกา"																				
01395101	ภาษาเกาหลีเพื่อการสื่อสาร I (Communicative Korean I)	3(3-0-6)	คณะมนุษยศาสตร์	ภาษากับการสื่อสาร	"อักษรเกาหลีระบบเสียงภาษาเกาหลีโครงสร้างและหลักไวยากรณ์เบื้องต้น ทักษะการฟัง
พูด อ่าน เขียนประโยคขั้นพื้นฐาน คำศัพท์และสำนวนที่ใช้ในชีวิตประจำวัน"																				
01395102	ภาษาเกาหลีเพื่อการสื่อสาร II (Communicative Korean II)	3(3-0-6)	คณะมนุษยศาสตร์	ภาษากับการสื่อสาร	"โครงสร้างและหลักไวยากรณ์เบื้องต้น ทักษะการฟัง พูด อ่าน และเขียนประโยคขั้นพื้นฐาน
คำศัพท์และสำนวนในชีวิตประจำวัน"																				
01395103	ภาษาเกาหลีเพื่อการสื่อสาร III (Communicative Korean III)	3(3-0-6)	คณะมนุษยศาสตร์	ภาษากับการสื่อสาร	"โครงสร้างและหลักไวยากรณ์พื้นฐาน คำศัพท์และสำนวนในสถานการณ์เพื่อการติดต่อ
สื่อสาร สนทนาโต้ตอบในชีวิตประจำวัน เขียนข้อความสั้น ๆ"																				
01395104	ภาษาเกาหลีเพื่อการสื่อสาร IV (Communicative Korean IV)	3(3-0-6)	คณะมนุษยศาสตร์	ภาษากับการสื่อสาร	"โครงสร้างและหลักไวยากรณ์ในระดับที่สูงขึ้น อ่านเรื่องสั้น ๆ เพื่อให้เข้าใจเนื้อหา สำนวน
และโครงสร้างของประโยค สนทนาโต้ตอบเรื่องทั่ว ๆ ไป"																				
01395105	การอ่านและรายงานภาษาเกาหลี (Korean Reading and Oral Report)	3(3-0-6)	คณะมนุษยศาสตร์	ภาษากับการสื่อสาร 																					
01399101	ภาษาเวียดนามเพื่อการสื่อสาร I (Communicative Vietnamese I)	3(3-0-6)	คณะมนุษยศาสตร์	ภาษากับการสื่อสาร	"อักษรเวียดนาม ระบบเสียงภาษาเวียดนาม โครงสร้างและหลักไวยากรณ์เบื้องต้น ทักษะ
การฟัง พูด อ่าน เขียนประโยคขั้นพื้นฐาน คำศัพท์และสำนวนที่ใช้ในชีวิตประจำวัน"																				
01399102	ภาษาเวียดนามเพื่อการสื่อสาร II (Communicative Vietnamese II)	3(3-0-6)	คณะมนุษยศาสตร์	ภาษากับการสื่อสาร	"โครงสร้างและหลักไวยากรณ์เบื้องต้น ทักษะการฟัง พูด อ่าน และเขียนประโยคขั้นพื้นฐาน
คำศัพท์และสำนวนในชีวิตประจำวัน"																				
01399103	ภาษาเวียดนามเพื่อการสื่อสาร III (Communicative Vietnamese III)	3(3-0-6)	คณะมนุษยศาสตร์	ภาษากับการสื่อสาร	"โครงสร้างและหลักไวยากรณ์คำศัพท์และสำนวนในสถานการณ์เพื่อการติดต่อสื่อสาร
สนทนาโต้ตอบในชีวิตประจำวัน เขียนข้อความสั้น ๆ"																				
01399104	ภาษาเวียดนามเพื่อการสื่อสาร IV (Communicative Vietnamese IV)	3(3-0-6)	คณะมนุษยศาสตร์	ภาษากับการสื่อสาร 																					
01399105	การอ่านภาษาเวียดนาม (Vietnamese Reading)	3(3-0-6)	คณะมนุษยศาสตร์	ภาษากับการสื่อสาร 																					
01399106	การฟัง-พูดภาษาเวียดนาม (Vietnamese Listening and Speaking)	3(3-0-6)	คณะมนุษยศาสตร์	ภาษากับการสื่อสาร																					
02724011	การสื่อสารระหว่างวัฒนธรรม (Intercultural Communication)	3(3-0-6)	คณะศิลปศาสตร์และวิทยาศาสตร์	ภาษากับการสื่อสาร	"ความสัมพันธ์ระหว่างการสื่อสารกับวัฒนธรรม ปัจจัยทางวัฒนธรรมที่มีอิทธิพลต่อการ
สื่อสาร การสื่อสารด้วยอวัจนภาษา การสื่อสารที่เหมาะสมกับกลุ่มสังคม"																				
03754221	การออกเสียงภาษาอังกฤษขั้นพื้นฐาน (Basic English Pronunciation)	3(3-0-6)	คณะวิทยาการจัดการ	ภาษากับการสื่อสาร	"หลักการออกเสียงขั้นพื้นฐานทั้งเสียงสระและพยัญชนะในภาษาอังกฤษ สัญลักษณ์ทาง
สัทศาสตร์และการถอดเสียงภาษาอังกฤษเบื้องต้น การฝึกออกเสียงเบื้องต้นในภาษาอังกฤษทั้งใน
แบบอเมริกันและแบบอังกฤษ"																				
03754231	การอ่านภาษาอังกฤษในชีวิตประจำวัน (English Reading in Daily life)	3(3-0-6)	คณะวิทยาการจัดการ	ภาษากับการสื่อสาร	"การฝึกทักษะการอ่านในหัวข้อต่าง ๆ ที่เกี่ยวข้องกับชีวิตประจำวัน โดยเน้นการอ่านเร็ว
กลวิธีในการอ่าน การสร้างคำศัพท์เทคนิคการอ่านเพื่อทำความเข้าใจ การอ่านเชิงวิเคราะห์การอ่าน
ออกเสียง การอ่านแบบเล่าเรื่อง และการอ่านเชิงกว้าง"																				
03754241	โครงสร้างทางไวยากรณ์ภาษาอังกฤษ (English Grammatical Structure)	3(3-0-6)	คณะวิทยาการจัดการ	ภาษากับการสื่อสาร	"ส่วนประกอบหลักของประโยคภาษาอังกฤษ ประเภทของคำไวยากรณ์ภาษาอังกฤษและ
ชนิดของประโยค หน้าที่ของคำ วลีอนุประโยค และประโยค"																				
03754251	การเขียนย่อหน้าภาษาอังกฤษ (English Paragraph Writing)	3(3-0-6)	คณะวิทยาการจัดการ	ภาษากับการสื่อสาร	"ความหมายและความสำคัญของการเขียนย่อหน้า คุณลักษณะของย่อหน้าที่ดีขั้นตอนใน
การเขียนย่อหน้า ชนิดของการเขียนย่อหน้า การฝึกเขียนย่อหน้าสั้น"																				
03754271	ภาษาอังกฤษเพื่องานอาชีพ (English for Careers)	3(3-0-6)	คณะวิทยาการจัดการ	ภาษากับการสื่อสาร	"ศัพท์และสำนวนภาษาอังกฤษที่ใช้ในงานอาชีพ บันทึกข้อความ ประกาศ ตารางเวลา
โฆษณา อีเมล และเอกสารต่าง ๆ ที่เกี่ยวข้อง การฟังและพูดบทสนทนาพื้นฐานที่เกี่ยวข้องกับการ
ทำงาน"																				
01371111	สื่อสารสนเทศเพื่อการเรียนรู้ (Information Media for Learning)	1(1-0-2)	คณะมนุษยศาสตร์	ภาษากับการสื่อสาร 	"ทักษะการรู้สารสนเทศ ความสำคัญของสื่อสารสนเทศต่อการเรียนรู้แหลงส่ ื่อสารสนเทศ
การสืบค้นและการเข้าถึงสื่อสารสนเทศ การประเมินสื่อสารสนเทศ การใช้อย่างมีจริยธรรม"																				
01418101	การใช้งานคอมพิวเตอร์ (Computer Applications)	1(0-2-1)	คณะวิทยาศาสตร์	ภาษากับการสื่อสาร	"องค์ประกอบของระบบคอมพิวเตอร์ฮาร์ดแวร์ซอฟต์แวร์ระบบปฏิบัติการ การใช้
โปรแกรมประมวลคำ ฐานข้อมูลและโปรแกรมประยุกต์อื่น"																				
01418104	รู้ทันไอที (IT Updates)	2(2-0-4)	คณะวิทยาศาสตร์	ภาษากับการสื่อสาร	"บิ๊กดาต้า โปรแกรมประยุกต์แบบคลาวด์การประยุกต์โซเชียลเน็ตเวิร์ก เทคนิคการค้นคืน
สารสนเทศ ภาวะส่วนตัว ลิขสิทธิ์ซอฟต์แวร์และดิจิทัลคอนเทนต์อาชญากรรมคอมพิวเตอร์"																				
01418106	ทักษะเทคโนโลยีดิจิทัล (Digital Technology Skills)	3(2-2-5)	คณะวิทยาศาสตร์	ภาษากับการสื่อสาร																					
01999023	ทักษะความเข้าใจและใช้เทคโนโลยีดิจิทัล (Digital Literacy)	2(1-2-4)	วิทยาลัยบูรณาการศาสตร์	ภาษากับการสื่อสาร																					
03752111	ทรัพยากรสารสนเทศเพื่อการค้นคว้า (Information Resources for Research)	1(1-0-2)	คณะวิทยาการจัดการ	ภาษากับการสื่อสาร	"ความสำคัญ สารสนเทศและแหล่งสารสนเทศ การใช้เทคโนโลยีสารสนเทศในห้องสมุด
การเลือก และการเขียนรายงาน"																				
01999111	ศาสตร์แห่งแผ่นดิน (Knowledge of the Land)	2(2-0-4)	วิทยาลัยบูรณาการศาสตร์	พลเมืองไทยและพลเมืองโลก	"แนวคิดของศาสตร์แห่งแผ่นดินเพื่อความกินดีอยู่ดีของชาติประวัติเอกลักษณ์และ
อัตลักษณ์ของมหาวิทยาลัยเกษตรศาสตร์ปรัชญาเศรษฐกิจพอเพียง ศาสตร์ชุมชน ศาสตร์สากล
การสำนึกในความเป็นพลเมืองไทยและพลเมืองโลก การเสริมสร้างและพัฒนาทักษะในการเรียนรู้
และการทำงานสู่เป้าหมายภายใต้บริบทของความสำนึกดีมุ่งมั่น สร้างสรรค์สามัคคี"																				
01001317	ผู้นำกับการพัฒนาภาคการเกษตร (Leaders and Agricultural Sectors Development)	3(3-0-6)	คณะเกษตร	พลเมืองไทยและพลเมืองโลก	"ความสําคัญของภาคการเกษตร หลักการพัฒนาการเกษตร ทิศทางการเกษตรไทย ระบบ
การเกษตรและแนวโน้มการเปลี่ยนแปลง ผู้นํากับการเปลี่ยนแปลงบริบทโลก พลวัตผู้นํา
ภาคการเกษตร บทบาทและภาวะผู้นําต่อภาคการเกษตร ผู้นํากับการพัฒนาการเกษตรในภาครัฐ
ภาคเอกชน และองค์การไม่แสวงหากําไร ผู้นํากับการพัฒนาเครือข่ายการเกษตร วิถีชีวิตและ
คุณค่าของภาคการเกษตร"																				
01009102	มนุษย์และทรัพยากรธรรมชาติ (Humans and Natural Resources)	3(3-0-6)	คณะเกษตร	พลเมืองไทยและพลเมืองโลก	"ความสำคัญของทรัพยากรธรรมชาติกับการดำรงชีวิตมนุษย์ ประเภทของทรัพยากร
สถานการณ์การเปลี่ยนแปลงสภาพภูมิอากาศโลก ผลกระทบของการใช้ทรัพยากรธรรมชาติต่อ
การดำรงชีวิต แนวทางการอนุรักษ์ทรัพยากรธรรมชาติเพื่อประโยชน์สูงสุดโดยไม่เกิดผลเสียต่อ
สิ่งแวดล้อม"																				
01015202	เกษตรวิถีไทย (Thai Livelihood Agriculture)	3(3-0-6)	คณะเกษตร	พลเมืองไทยและพลเมืองโลก	"ประวัติการเกษตรของชาติไทย เกษตรกับชีวิตประจำวัน ภูมิปัญญาท้องถิ่นด้านการเกษตร
การปลูกพืชและเลี้ยงสัตว์ในปัจจุบัน การใช้ประโยชน์จากผลผลิตและของเหลือทางการเกษตร"																				
01301101	การอนุรักษ์ทรัพยากรและสิ่งแวดล้อม (Resources and Environmental Conservation)	3(3-0-6)	คณะวนศาสตร์	พลเมืองไทยและพลเมืองโลก	"ความสำคัญและคุณค่าของทรัพยากรและสิ่งแวดล้อม แนวคิดและหลักการอนุรักษ์สาเหตุ
และผลกระทบ แนวทางการจัดการทรัพยากรและสิ่งแวดล้อม สถานการณ์ปัจจุบันของทรัพยากร
และสิ่งแวดล้อมในระดับประเทศและระดับโลก"																				
01350104	ศิลปะการอ่านคน (Art of Reading People)	3(3-0-6)	คณะมนุษยศาสตร์	พลเมืองไทยและพลเมืองโลก																					
01390102	การท่องเที่ยวเชิงสร้างสรรค์ (Creative Tourism)	3(3-0-6)	คณะมนุษยศาสตร์	พลเมืองไทยและพลเมืองโลก	"ความหมาย ความสำคัญ องค์ประกอบ รูปแบบ และแนวโน้มของการท่องเที่ยวเชิง
สร้างสรรค์บทบาท หน้าที่ และคุณลักษณะของนักท่องเที่ยวเชิงสร้างสรรค์การมีส่วนร่วมของ
นักท่องเที่ยวเชิงสร้างสรรค์ในการอนุรักษ์ศิลปวัฒนธรรม ภูมิปัญญาท้องถิ่น และสิ่งแวดล้อม
เส้นทางและกิจกรรมการท่องเที่ยวเชิงสร้างสรรค์ของโลกและของประเทศไทย การเล่าเรื่องและ
การใช้สื่อในการท่องเที่ยวเชิงสร้างสรรค์มีการศึกษานอกสถานที่"																				
01453101	สิทธิขั้นพื้นฐาน (Fundamental Rights)	3(3-0-6)	คณะสังคมศาสตร์	พลเมืองไทยและพลเมืองโลก	"ความหมาย ความสำคัญของสิทธิมนุษยชน ประเภทและการคุ้มครองสิทธิ ขอบเขตและ
เจตคติเกี่ยวกับการใชสิทธิและเสรีภาพภายใตกฎหมายในบริบทของสงัคมไทย หนาที่ตอการเคารพ
สิทธิของผูอื่น สมดุลระหวางการใชสิทธิและเสรีภาพตามกฎหมายและความสงบเรียบรอยในสังคม "																				
01455101	การเมืองโลกในชีวิตประจำวัน (Global Politics in Daily Life)	3(3-0-6)	คณะสังคมศาสตร์	พลเมืองไทยและพลเมืองโลก	"ความรู้ความเข้าใจพื้นฐานเกี่ยวกับมโนทัศน์และประเด็นปัญหาหลักของการเมืองโลก
โครงสร้างการเมืองโลกสมัยใหม่แนวโน้มใหม่และประเด็นใหม่ๆ ของการเมืองโลก ผลกระทบของ
การเมืองโลกในชีวิตประจำวัน"																				
01460101	สังคมและวัฒนธรรมไทยร่วมสมัย (Contemporary Thai Society and Culture)	3(3-0-6)	คณะสังคมศาสตร์	พลเมืองไทยและพลเมืองโลก	"แนวความคิด รูปแบบ และความสัมพันธ์ทางสังคมและวัฒนธรรมไทยร่วมสมัย การสังเกต
การศึกษา และการวิเคราะห์ปรากฏการณ์ทางสังคมร่วมสมัย ความเข้าใจต่อพลวัตและการปรับตัว
ทางสังคมและวัฒนธรรม แนวโน้มของความสัมพันธ์ทางสังคมและวัฒนธรรมในการอยู่ร่วมกัน"																				
01999013	พลเมืองดิจิทัล (Digital Citizens)	3(2-2-5)	วิทยาลัยบูรณาการศาสตร์	พลเมืองไทยและพลเมืองโลก	"การเป็นพลเมืองดิจิทัล การเข้าถึงดิจิทัล สุขภาวะดิจิทัล การค้าดิจิทัล การสื่อสารดิจิทัล
สิทธิและความรับผิดชอบดิจิทัล ความมั่นคงดิจิทัล จริยธรรมและกฎหมายดิจิทัล การรู้ดิจิทัล"																				
01999031	มรดกอารยธรรมโลก (The Heritage of World Civilizations)	3(3-0-6)	วิทยาลัยบูรณาการศาสตร์	พลเมืองไทยและพลเมืองโลก	"มรดกอารยธรรมโลกตั้งแต่สมัยก่อนประวัติศาสตร์จนถึงปัจจุบัน ภูมิหลังด้านประวัติศาสตร์
ปรัชญา ศาสนา ภาษา วรรณคดีศิลปะการแสดง ดนตรีศิลปะ"																				
01999032	ไทยศึกษา (Thai Studies)	3(3-0-6)	วิทยาลัยบูรณาการศาสตร์	พลเมืองไทยและพลเมืองโลก	"ประวัติศาสตร์ศาสนา ภาษา วรรณคดีศิลปะ ดนตรีภูมิปัญญาท้องถิ่นและวิถีของคนไทย
ในอดีต ปัจจุบันและแนวโน้มในอนาคต ประสบการณ์ภาคสนาม"																				
01999046	การพัฒนาความมั่นคงแห่งชาติ (National Security Development)	3(3-0-6)	วิทยาลัยบูรณาการศาสตร์	พลเมืองไทยและพลเมืองโลก	"ความรู้เบื้องต้นเกี่ยวกับการคิดสร้างสรรค์วิวัฒนาการและโลกทัศน์ของแนวคิดยุคใหม่
การจัดการคุณค่า หลักการในการวิเคราะห์ปัญหาด้วยจิตสำนึก กรณีศึกษาการประยุกต์ใช้ทฤษฎี
และการจัดการองค์กรให้เกิดศักยภาพการแข่งขันสูงสุด"																				
01999047	การทหารเพื่อการพัฒนาประเทศ (Military for Country Development)	3(3-0-6)	วิทยาลัยบูรณาการศาสตร์	พลเมืองไทยและพลเมืองโลก																					
01999113	**วัยใสใจสะอาด (Honest Youngsters)	3(3-0-6)	วิทยาลัยบูรณาการศาสตร์	พลเมืองไทยและพลเมืองโลก	"ฐานคิดแยกแยะระหว่างผลประโยชน์ส่วนตน ผลประโยชน์ส่วนรวม ผลประโยชน์ทับซ้อน
และผลประโยชน์ร่วม การคิดวิเคราะห์และการคิดเชิงวิพากษ์ด้านทุจริต วิธีการแสดงออกซึ่ง
การเป็นพลเมืองดีในสังคม และการมีส่วนร่วมของชุมชน ดัชนีรับรู้การทุจริต การตระหนักรู้และ
วิเคราะห์ข้อมูลข่าวสาร การประยุกต์หลักปรัชญาเศรษฐกิจพอเพียงเพื่อการป้องกันการทุจริต"																				
01999141	มนุษย์กับสังคม (Man and Society)	3(3-0-6)	วิทยาลัยบูรณาการศาสตร์	พลเมืองไทยและพลเมืองโลก																					
02717112	การเมืองไทยร่วมสมัย (Contemporary Thai Politics)	3(3-0-6)	คณะศิลปศาสตร์และวิทยาศาสตร์	พลเมืองไทยและพลเมืองโลก	"ความรู้พื้นฐานเกี่ยวกับเหตุการณ์สำคัญทางการเมืองภาคประชาชนของไทย ความสัมพันธ์
ระหว่างการเมืองกับความเป็นพลเมือง โครงสร้างและสถาบันทางการเมืองของไทย อำนาจและ
กลุ่มผลประโยชน์ในการเมืองไทย ประชาธิปไตย สิทธิเสรีภาพ และการมีส่วนร่วมทางการเมือง
ทหารกับการเมืองไทย สื่อกับการเมืองไทย ประเด็นปัญหาการเมืองไทยในปัจจุบัน แนวโน้ม
การเมืองไทยในอนาคต"																				
03751111	มนุษย์กับสิ่งแวดล้อม (Man and Environment)	3(3-0-6)	คณะวิทยาการจัดการ	พลเมืองไทยและพลเมืองโลก	"แนวคิดทางนิเวศวิทยาและสิ่งแวดล้อม ความสัมพันธ์ระหว่างมนุษย์กับทรัพยากรธรรมชาติ
และสิ่งแวดล้อม หลักการอนุรักษ์ธรรมชาติและสิ่งแวดล้อม วิธีการปรับตัวและการใช้ประโยชน์
จากสิ่งแวดล้อมเพื่อการดำรงชีวิตของมนุษย์ผลกระทบของกิจกรรมมนุษย์ที่มีต่อสิ่งแวดล้อม
สภาพสังคมและเศรษฐกิจ ปัญหาและสถานการณ์สิ่งแวดล้อมในปัจจุบัน มลพิษสิ่งแวดล้อม รวมทั้ง
นโยบายการควบคุม การป้องกัน และการแก้ไขปัญหาสิ่งแวดล้อม"																				
03751112	สังคมและการเมือง (Social and Politics)	3(3-0-6)	คณะวิทยาการจัดการ	พลเมืองไทยและพลเมืองโลก	"แนวคิดและทฤษฎีทางสังคม การเมืองและวัฒนธรรม กำเนิดสังคมและรัฐ โครงสร้างและ
องค์ประกอบสังคม สถาบันทางสังคมและการเมือง กลุ่มทางสังคมและระบบทางการเมือง
อุดมการณ์และลัทธิการเมือง พรรคการเมืองและระบบราชการ การมีส่วนร่วมทางการเมือง
พัฒนาการทางการเมือง การเปลี่ยนแปลงทางสังคมและการเมือง และการบริหารประเทศใน
สมัยใหม่"																				
04101302	จิตอาสาเพื่อพัฒนาชุมชน (Volunteer Spirit for Community Development)	3(3-0-6)	คณะทรัพยากรธรรมชาติและอุตสาหกรรมเกษตร	พลเมืองไทยและพลเมืองโลก	"หลักของจิตอาสา การศึกษาและวิเคราะห์จิตอาสาเพื่อพัฒนาชุมชนและความเข้าใจ
การบริหารจัดการกลุ่มเพื่อทำกิจกรรมจิตอาสา การนำไปใช้ประโยชน์ในการดำเนินงานเพื่อพัฒนา
ชุมชน"																				
01007101	พืชสวนเพื่อคุณภาพชีวิตและสิ่งแวดล้อม (Horticulture for life Quality and Environment)	2(2-0-4)	คณะเกษตร	สุนทรียศาสตร์																					
01177142	**สุนทรียะในการเรียนรู้ตลอดชีวิต (Aesthetics in Lifelong Learning)	3(3-0-6)	คณะศึกษาศาสตร์	สุนทรียศาสตร์	"ความหมาย คุณค่า ความสำคัญของสุนทรียศาสตร์ในการเรียนรู้ตลอดชีวิต การสร้าง
สุนทรียะผ่านกระบวนการจิตตปัญญาศึกษา แนวคิดนีโอฮิวแมนนิสต์กระบวนการละคร
เพื่อการศึกษา และทฤษฎีกิจกรรม เพื่อการสัมผัสและรับรู้ความหมาย ความงดงาม ในการเรียนรู้
ตลอดชีวิต การพัฒนาโครงงานเพื่อสร้างสุนทรียะและเพื่อการบรรลุเป้าหมายในการเรียนรู้ตลอด
ชีวิต"																				
01240011	การออกแบบในชีวิตประจำวัน (Design in Everyday Life)	3(3-0-6)	คณะสถาปัตยกรรมศาสตร์	สุนทรียศาสตร์																					
01244101	การออกแบบเพื่อความเป็นอยู่ที่ดี (Design for Well-being)	3(3-0-6)	คณะสถาปัตยกรรมศาสตร์	สุนทรียศาสตร์	"มนุษย์กับความเป็นอยู่ที่ดีการคิดเชิงออกแบบ สภาพแวดล้อมและความยั่งยืนสภาพแวดล้อม
เพื่อทุกคน ผลิตภัณฑ์และการบริการเพื่อสุขภาพ สภาพแวดล้อมเพื่อความเป็นอยู่ที่ดีเมืองและพื้นที่
สาธารณะ เกษตรกรรมในเมือง สวนบำบัด สภาพแวดล้อมบำบัด นวัตกรรมเพื่อผู้สูงอายุการอภิปราย
และกรณีศึกษา"																				
01255101	มนุษย์กับทะเล (Man and Sea)	3(3-0-6)	คณะประมง	สุนทรียศาสตร์	"ความรู้พื้นฐานเกี่ยวกับทะเล สิ่งมีชีวิตในทะเลและระบบนิเวศชายฝั่ง คุณค่าของทะเล
อันตรายจากทะเล การปฐมพยาบาล ทะเลกับความเปลี่ยนแปลง การอนุรักษ์และจัดการ
สิ่งแวดล้อมทางทะเลอย่างยั่งยืน กรณีศึกษา"																				
01308101	การท่องเที่ยวทางธรรมชาติอย่างยั่งยืน (Sustainable Nature-based Tourism)	3(3-0-6)	คณะวนศาสตร์	สุนทรียศาสตร์																					
01350102	เล่าเรื่องด้วยภาพ (Visual Storytelling)	3(3-0-6)	คณะมนุษยศาสตร์	สุนทรียศาสตร์	"ทักษะการคิดและสื่อสารด้วยภาพ เทคนิคการวาดภาพ การนำเสนอด้วยภาพ การวางแผน
และแก้ปัญหาด้วยภาพ การสร้างเนื้อหา บุคลิกภาพของนักเล่าเรื่อง เทคนิคการเล่าเรื่อง
การใช้เทคนิคการนำเสนอด้วยสื่อดิจิทัล"																				
01387102	ปรัชญาสำหรับชีวิตยุคใหม่ (Philosophy for New Life)	3(3-0-6)	คณะมนุษยศาสตร์	สุนทรียศาสตร์	"ศึกษาปรัชญาที่เกี่ยวกับความจริง ความรู้คุณธรรม จริยธรรม ความดีและความงาม
ทั้งในมิติทางกายภาพและทางจิตวิญญาณ โดยใช้วิธีการทางปรัชญาหรือการใช้เหตุผลอย่าง
มีวิจารณญาณ รวมทั้งการประยุกต์ใช้วิธีการทางปรัชญาเพื่อให้เกิดความงอกงามทางสติปัญญา
และมีคุณค่าต่อชีวิตและสังคมในโลกยุคใหม่"																				
01388101	**จริยธรรมเพื่อสุนทรียภาพแห่งชีวิต (Ethics for the Aesthetics of Life)	3(3-0-6)	คณะมนุษยศาสตร์	สุนทรียศาสตร์																					
01401201	พืชเพื่อการสร้างคุณค่าชีวิต (Plants for Value of Life Creation)	3(3-0-6)	คณะวิทยาศาสตร์	สุนทรียศาสตร์	"การประยุกต์ใช้พืชเพื่อสร้างสุนทรียะในชีวิตประจำวัน ความหลายหลากของพืช การใช้พืช
ในทางเศรษฐกิจ อาหาร พลังงาน สุขภาพ การจัดตกแต่ง การจัดสวน งานศิลปะ ภูมิปัญญาท้องถิ่น
และวัฒนธรรม มีการศึกษานอกสถานที่"																				
01418105	ศิลปะสร้างสรรค์ดิจิทัล (Digital Creative Arts)	3(2-2-5)	คณะวิทยาศาสตร์	สุนทรียศาสตร์	"เทคโนโลยีสื่อประสม หลักการถ่ายรูปดิจิทัล การจัดอุปกรณ์สำหรับการบรอดคาสต์
อักษรศิลป์การวาดและการแก้ไขตกแต่งภาพ เสียงและดนตรีดิจิทัล หลักการสร้างและปรับแต่ง
วิดีทัศน์ภาพเคลื่อนไหว รูปสามมิติและความเป็นจริงเสริม งานศิลปะดิจิทัลด้านเอ็ดดูเทนเมนท์
เนื้อหาดิจิทัล รู้เท่าทันสื่อและสารสนเทศ ลิขสิทธิ์และสัญญาอนุญาต"																				
01420201	อัญมณีและเครื่องประดับ (Gems and Jewelry)	3(3-0-6)	คณะวิทยาศาสตร์	สุนทรียศาสตร์																					
01999034	ศิลปวิจักษณ์ (Art Perception)	3(3-0-6)	วิทยาลัยบูรณาการศาสตร์	สุนทรียศาสตร์	"การรับรู้เกี่ยวกับแนวคิด ความงาม หน้าที่ การแสดงออก และคุณค่าของศิลปะใน
ชีวิตประจำวัน"																				
01999035	วัฒนธรรมดนตรีกับชีวิต (Music Culture in Life)	3(3-0-6)	วิทยาลัยบูรณาการศาสตร์	สุนทรียศาสตร์	"การส่งเสริมจินตนาการเพื่อสุนทรีย์และการสร้างสรรค์ความสัมพันธ์ระหว่างดนตรีสังคม
วัฒนธรรม และศิลปะแขนงอื่น"																				
02708102	วรรณกรรมกับวิทยาศาสตร์ (Literature and Science)	3(3-0-6)	คณะศิลปศาสตร์และวิทยาศาสตร์	สุนทรียศาสตร์	"ความสัมพันธ์ระหว่างวรรณกรรมกับวิทยาศาสตร์ประวัติและวิวัฒนาการของวรรณกรรม
วิทยาศาสตร์อิทธิพลของแนวคิดและหลักการทางวิทยาศาสตร์ต่อวรรณกรรม การอ่านวรรณกรรม
วิทยาศาสตร์"																				
02728102	สารสีในงานศิลปะ (Pigments in art)	3(3-0-6)	คณะศิลปศาสตร์และวิทยาศาสตร์	สุนทรียศาสตร์	"ความลับทางวิทยาศาสตร์เบื้องหลังงานศิลปะ สีที่ใช้ในยุคก่อนประวัติศาสตร์เทคนิคและ
สีในศิลปะของกรีก โรมัน อียิปต์เทคนิคการตรวจสอบศิลปะโบราณ กรณีศึกษา"																																										